{
  "sector": "Oil Gas & Consumable Fuels",
  "alert_time": "2026-07-23T03:55:48.875098",
  "stocks": [
    {
      "ticker": "CHENNPETRO.NS",
      "alert_price": 1330.300048828125,
      "alert_pct_move": 1.5108774382392216,
      "alert_relative_volume": 6.882920661856995
    },
    {
      "ticker": "PETRONET.NS",
      "alert_price": 273.6000061035156,
      "alert_pct_move": -1.5118725248408482,
      "alert_relative_volume": 4.033497784086238
    },
    {
      "ticker": "BPCL.NS",
      "alert_price": 312.04998779296875,
      "alert_pct_move": 1.9771201937806373,
      "alert_relative_volume": 3.520047929919157
    },
    {
      "ticker": "MRPL.NS",
      "alert_price": 178.91000366210938,
      "alert_pct_move": 2.433298929857971,
      "alert_relative_volume": 3.288548919406794
    }
  ]
}